{
  "Edges": [ 
    { 
       "src": 20,
       "w": 1.4193627816078853,
       "dest": 18
    }, 
    { 
       "src": 8,
       "w": 1.2817370911337442,
       "dest": 7
    }, 
    { 
       "src": 18,
       "w": 1.5681055954289413,
       "dest": 17
    }, 
    { 
       "src": 8,
       "w": 1.5328553219807337,
       "dest": 9
    }, 
    { 
       "src": 18,
       "w": 0.550880804160341,
       "dest": 19
    }, 
    { 
       "src": 11,
       "w": 1.2330298625884384,
       "dest": 20
    }, 
    { 
       "src": 14,
       "w": 1.118950355920981,
       "dest": 15
    }, 
    { 
       "src": 10,
       "w": 1.4962204797190428,
       "dest": 11
    }, 
    { 
       "src": 5,
       "w": 1.1029613695942861,
       "dest": 28
    }, 
    { 
       "src": 14,
       "w": 1.3207562671517605,
       "dest": 13
    }, 
    { 
       "src": 20,
       "w": 1.4195513987476474,
       "dest": 11
    }, 
    { 
       "src": 19,
       "w": 1.2004731394998582,
       "dest": 20
    }, 
    { 
       "src": 30,
       "w": 1.1539640587451867,
       "dest": 20
    }, 
    { 
       "src": 9,
       "w": 1.0350683385093797,
       "dest": 23
    }, 
    { 
       "src": 20,
       "w": 0.878753604473191,
       "dest": 19
    }, 
    { 
       "src": 26,
       "w": 1.0266053576264493,
       "dest": 1
    }, 
    { 
       "src": 25,
       "w": 1.0426737796145,
       "dest": 24
    }, 
    { 
       "src": 25,
       "w": 0.7084860462408276,
       "dest": 26
    }, 
    { 
       "src": 29,
       "w": 0.92393101248433,
       "dest": 28
    }, 
    { 
       "src": 21,
       "w": 0.9339136351151504,
       "dest": 22
    }, 
    { 
       "src": 26,
       "w": 1.0227987431412882,
       "dest": 8
    }, 
    { 
       "src": 28,
       "w": 1.1032214727491811,
       "dest": 5
    }, 
    { 
       "src": 14,
       "w": 0.7167080826867309,
       "dest": 17
    }, 
    { 
       "src": 28,
       "w": 1.249725662250064,
       "dest": 4
    }, 
    { 
       "src": 8,
       "w": 1.2039873817393092,
       "dest": 26
    }, 
    { 
       "src": 8,
       "w": 1.025149439083266,
       "dest": 25
    }, 
    { 
       "src": 17,
       "w": 1.1057039393606207,
       "dest": 18
    }, 
    { 
       "src": 13,
       "w": 1.011071987085077,
       "dest": 14
    }, 
    { 
       "src": 13,
       "w": 1.823489852982211,
       "dest": 12
    }, 
    { 
       "src": 17,
       "w": 1.0657493401365328,
       "dest": 14
    }, 
    { 
       "src": 18,
       "w": 1.0584450243907368,
       "dest": 20
    }, 
    { 
       "src": 0,
       "w": 0.915443564766393,
       "dest": 21
    }, 
    { 
       "src": 16,
       "w": 1.4418017651347552,
       "dest": 0
    }, 
    { 
       "src": 1,
       "w": 1.8635670623870366,
       "dest": 0
    }, 
    { 
       "src": 0,
       "w": 1.3118716362419698,
       "dest": 16
    }, 
    { 
       "src": 1,
       "w": 1.8015954015822042,
       "dest": 2
    }, 
    { 
       "src": 24,
       "w": 0.8356693500627063,
       "dest": 23
    }, 
    { 
       "src": 28,
       "w": 1.2961326237960644,
       "dest": 29
    }, 
    { 
       "src": 30,
       "w": 1.001001008098316,
       "dest": 13
    }, 
    { 
       "src": 1,
       "w": 1.2579255647223926,
       "dest": 26
    }, 
    { 
       "src": 3,
       "w": 1.440561778177153,
       "dest": 2
    }, 
    { 
       "src": 24,
       "w": 1.3090485093357531,
       "dest": 25
    }, 
    { 
       "src": 3,
       "w": 1.2539385028794277,
       "dest": 4
    }, 
    { 
       "src": 5,
       "w": 1.5855912911662344,
       "dest": 4
    }, 
    { 
       "src": 5,
       "w": 1.734311926030133,
       "dest": 6
    }, 
    { 
       "src": 10,
       "w": 1.5815006562559664,
       "dest": 9
    }, 
    { 
       "src": 7,
       "w": 1.5786081900467002,
       "dest": 6
    }, 
    { 
       "src": 7,
       "w": 1.3717352984705653,
       "dest": 8
    }, 
    { 
       "src": 9,
       "w": 1.9855087252581762,
       "dest": 8
    }, 
    { 
       "src": 12,
       "w": 1.0666986438224981,
       "dest": 11
    }, 
    { 
       "src": 7,
       "w": 1.0687354408357501,
       "dest": 27
    }, 
    { 
       "src": 12,
       "w": 1.5484109702862576,
       "dest": 13
    }, 
    { 
       "src": 16,
       "w": 1.5677693324851103,
       "dest": 15
    }, 
    { 
       "src": 23,
       "w": 1.016805672689567,
       "dest": 22
    }, 
    { 
       "src": 21,
       "w": 0.9532629885558567,
       "dest": 0
    }, 
    { 
       "src": 23,
       "w": 1.2304170123117533,
       "dest": 24
    }, 
    { 
       "src": 4,
       "w": 1.1730460536148573,
       "dest": 28
    }, 
    { 
       "src": 27,
       "w": 0.8675447814837128,
       "dest": 7
    }, 
    { 
       "src": 20,
       "w": 1.0252508738027712,
       "dest": 30
    }, 
    { 
       "src": 25,
       "w": 0.7216646454371419,
       "dest": 8
    }, 
    { 
       "src": 23,
       "w": 1.4962903880836746,
       "dest": 9
    }, 
    { 
       "src": 19,
       "w": 0.6852429593105193,
       "dest": 18
    }, 
    { 
       "src": 13,
       "w": 1.2074225999744648,
       "dest": 30
    }, 
    { 
       "src": 11,
       "w": 1.3784147388591739,
       "dest": 10
    }, 
    { 
       "src": 15,
       "w": 1.8726071511162605,
       "dest": 16
    }, 
    { 
       "src": 11,
       "w": 1.9316059913913906,
       "dest": 12
    }, 
    { 
       "src": 15,
       "w": 1.635946027210021,
       "dest": 14
    }, 
    { 
       "src": 9,
       "w": 1.2861739185896588,
       "dest": 10
    }, 
    { 
       "src": 0,
       "w": 1.232037506070033,
       "dest": 1
    }, 
    { 
       "src": 26,
       "w": 0.5713405300617479,
       "dest": 25
    }, 
    { 
       "src": 2,
       "w": 1.5784991011275615,
       "dest": 1
    }, 
    { 
       "src": 22,
       "w": 0.77503542792348,
       "dest": 21
    }, 
    { 
       "src": 2,
       "w": 1.0631605142699874,
       "dest": 3
    }, 
    { 
       "src": 22,
       "w": 1.0711518190132492,
       "dest": 23
    }, 
    { 
       "src": 4,
       "w": 1.8418222744214585,
       "dest": 3
    }, 
    { 
       "src": 2,
       "w": 1.7938753352369698,
       "dest": 6
    }, 
    { 
       "src": 6,
       "w": 1.8474047229605628,
       "dest": 2
    }, 
    { 
       "src": 4,
       "w": 1.1422264879958028,
       "dest": 5
    }, 
    { 
       "src": 6,
       "w": 1.4964304236123005,
       "dest": 5
    }, 
    { 
       "src": 6,
       "w": 1.237565124536135,
       "dest": 7
    } 
 ], 
    "Nodes" : [ 
    { 
       "pos": "35.197952892655366,32.10271004537815,0.0",
       "id": 22
    }, 
    { 
       "pos": "35.198929325262306,32.10376408571429,0.0",
       "id": 23
    }, 
    { 
       "pos": "35.200160479418884,32.1041457210084,0.0",
       "id": 24
    }, 
    { 
       "pos": "35.201731262308314,32.104636394957986,0.0",
       "id": 25
    }, 
    { 
       "pos": "35.20260156093624,32.10476360672269,0.0",
       "id": 26
    }, 
    { 
       "pos": "35.20504264245359,32.104854472268904,0.0",
       "id": 27
    }, 
    { 
       "pos": "35.21143190799032,32.104854472268904,0.0",
       "id": 28
    }, 
    { 
       "pos": "35.210264434221145,32.103909470588235,0.0",
       "id": 29
    }, 
    { 
       "pos": "35.19071455528652,32.106235628571426,0.0",
       "id": 30
    }, 
    { 
       "pos": "35.197400995964486,32.10510889579832,0.0",
       "id": 10
    }, 
    { 
       "pos": "35.19351649233253,32.1061811092437,0.0",
       "id": 11
    }, 
    { 
       "pos": "35.18950462792575,32.10788938151261,0.0",
       "id": 12
    }, 
    { 
       "pos": "35.189568308313156,32.106617263865544,0.0",
       "id": 13
    }, 
    { 
       "pos": "35.18869800968523,32.104927164705884,0.0",
       "id": 14
    }, 
    { 
       "pos": "35.187594216303474,32.10378225882353,0.0",
       "id": 15
    }, 
    { 
       "pos": "35.19381366747377,32.102419275630254,0.0",
       "id": 16
    }, 
    { 
       "pos": "35.18992916384181,32.1043092789916,0.0",
       "id": 17
    }, 
    { 
       "pos": "35.19181834866828,32.10412754789916,0.0",
       "id": 18
    }, 
    { 
       "pos": "35.192497606133976,32.10434562521009,0.0",
       "id": 19
    }, 
    { 
       "pos": "35.19589389346247,32.10152879327731,0.0",
       "id": 0
    }, 
    { 
       "pos": "35.20319591121872,32.10318254621849,0.0",
       "id": 1
    }, 
    { 
       "pos": "35.20752617756255,32.1025646605042,0.0",
       "id": 2
    }, 
    { 
       "pos": "35.21007339305892,32.10107446554622,0.0",
       "id": 3
    }, 
    { 
       "pos": "35.21310882485876,32.104636394957986,0.0",
       "id": 4
    }, 
    { 
       "pos": "35.212111165456015,32.106235628571426,0.0",
       "id": 5
    }, 
    { 
       "pos": "35.20797194027441,32.104854472268904,0.0",
       "id": 6
    }, 
    { 
       "pos": "35.205764353510894,32.106326494117646,0.0",
       "id": 7
    }, 
    { 
       "pos": "35.20154022114608,32.10594485882353,0.0",
       "id": 8
    }, 
    { 
       "pos": "35.19805902663438,32.10525428067227,0.0",
       "id": 9
    }, 
    { 
       "pos": "35.19188202905569,32.10579947394958,0.0",
       "id": 20
    }, 
    { 
       "pos": "35.19691277966102,32.10240110252101,0.0",
       "id": 21
    } 
  ] 
} 
